971b530c04ff02ccf0c01439e4db02248268242d9cd1af07fb9b8540f83e0554,324,22,202.22727272727272,127.7269572949842,0,2026/01/15,56.0909090909091
a142be75fcb59832615ef3b9a99363e583161bf2bc63d17d5bb44d1a8094cf9f,396,30,749.5666666666667,461.28390992484816,0,2026/01/05,41.03333333333333
cc1e721088a278747a8f64a1b886c2b80686df0b504ae261019fa18c632c939d,414,28,436.1428571428572,226.15998040036592,0,2025/12/25,43.32142857142857
94440b7b241dd53741128527ba9c2d1acbe18f5ec807f4c09eb18e4f99697408,437,22,860.5454545454545,321.207201220182,0,2026/01/06,54.95454545454545
0798ed830253e07f286fc2d9cfa22aa5a79f3faa989003206dbea6ee2167f647,531,27,1031.4814814814818,363.2034804012517,1,2025/12/23,44.703703703703695
5110fcb220c80e4b8666a0bf721b8a698e34e0089402aa11e2675d7bd15c51c6,574,35,728.9428571428572,183.0557983406215,2,2026/01/05,35.114285714285714
ca6622a14d00b5c14d9f8983d8880aa85ac372a1a73ae07c7b80797acb7d8f9a,1695,43,553.093023255814,265.90388313750515,1,2026/01/09,28.74418604651163
38cc2364aac69ca9716efeb6f312412e837a6bce2f1315bfb4f7169e63fd2620,1700,31,404.0,221.4257321060713,0,2026/01/19,24.580645161290324
d16c1848747d283cc26fceba9045eca291fa91cc8e0504e34932621fbb6c3e75,1722,32,403.8125,158.3517519440502,0,2025/12/22,25.125
0922a212265ccfbcca48cb53237b18b78ab200d8a35bfc4782d6c786d168d5dd,1800,39,497.5897435897436,181.08755750892897,0,2026/01/09,31.58974358974359
d3231188d7d2e195236d2b554d580696162bff25c373852b090465f4b70f6fc3,1805,42,613.0952380952381,274.0067612585856,0,2026/01/05,28.428571428571427
9c5db3b005f3559e9f2d8509b50985f77f1b657cbc7753511e66a40f5de041e0,2007,32,643.03125,358.07859510648984,0,2025/12/22,38.03124999999999
ae62907a50e201c2413bde2649b23e3d4178ce1dfc7b18a0eac55c5cdaf90e74,2200,172,837.5872093023256,451.5119541275944,0,2026/01/20,7.25
577be8bcfc7f301b582d40f5565d36c78332df2d839a5c01641b51c8250e3015,2811,9,848.0,242.02020117704583,0,2026/01/06,11.0
40188bba2f7693da1c859d426ab9282ef27ad6bc5edbc94b6b68c4372862b27d,2878,36,455.69444444444446,148.60496093192936,0,2026/01/19,34.52777777777778
876d019654b742189a2f9814061c8a7c75632875d4660459c9bb6b2cf395bb83,2960,11,488.7272727272728,226.12912277123715,0,2026/01/06,71.0
0a704a008c7a3aae504e84f209bdfbfb6761d6fcd5436a925b81837fdd41d45d,3595,48,576.9166666666667,177.43482762849982,1,2026/01/13,23.5
448f677b6441b4a20dae73c2671184f4020645f63686ce53fd9a6b4b7d61f66e,3598,29,481.2068965517241,292.2395544648549,0,2026/01/19,42.310344827586206
302b4a3eaa1dbb8bc09cae7643f4bca981078c8cf4ea1afe9e2034d4a992bcba,3721,50,561.74,223.23877888933183,0,2026/01/20,24.92
95cc839cdaeaaac2eea1fa8a7995ead02831c40bbd29c611ab12bf0c5e83d31e,3766,19,427.2105263157895,210.22133172028305,0,2025/12/25,63.31578947368421
369719e28c79cb63bfd3fad7b1a96fe232d20a4e5beb532da6c16b4c8ec2e938,3881,19,819.3157894736842,294.3896545364003,0,2026/01/09,64.10526315789474
281c309e77ddcc14218c22abdd33a3a815fe5fc26a193badd00085beabe1cb65,3985,13,252.0,131.66507626433182,0,2026/01/16,91.53846153846152
bf1afa8c9101c366a168bdbef2ecf6b5caf6d98d8556b779b586589807de0a78,4222,45,535.7111111111112,191.8174620972555,0,2025/12/23,25.044444444444444
8d7ce979acf05cf96e8f4905a2f24c41a1424adcfdd005009d832b9400f8f234,4381,2,566.0,236.0,0,2025/12/23,7.0
31be272937bd4233f8220da3eaa2ecfa78efd70e8e9376e72c46758656c3b306,4963,18,296.8888888888889,112.57337799008587,0,2026/01/16,68.0
1d893e9b6e100d86955da59167992a13b99637ed2096f5733b89519ceff16b80,5749,25,863.1200000000001,411.48222999298497,0,2026/01/19,48.16
1ba06f6003d41e77af03e724c59929d5a7dfa7557655b9b1cb56a69cd7c1d26e,5785,4,550.25,197.98658414145137,0,2025/12/22,261.75
f216072a21aad86f60af631dfd74fa70d7afa4f2b6622562ebad2a74b6525e2c,6127,12,617.5,238.383619403683,0,2026/01/06,95.33333333333331
9188a13bcbf418a047419cbebb012eb41cda7786a605dc38dcc4f82d1603f177,6282,71,860.8169014084507,250.34434369197925,0,2026/01/19,17.549295774647888
b73ad149138eaab21e6d8471f492dfa84b45cbd75467f15bd87ab7f5f35fdfdc,6546,11,465.8181818181818,168.75362255064914,1,2026/01/05,60.0
71f595bd5f9dde2260069cb1972e847d6bb39b5ff2b97079dc407545ef9a5c95,6992,75,749.24,184.38451417260305,0,2026/01/15,16.466666666666665
9335588e6a0dd1f8167fcc572bbc9d61b185cd1d7e4d6b5e68cc7be630eef675,7103,3,651.3333333333334,193.5292111169668,0,2025/12/22,18.666666666666668
25a2aec9e3d527e4ce8a5b518656f21b67725e91993c2f0fc734fa9576f592b1,7345,39,468.0,232.41695511653404,0,2025/12/27,31.23076923076923
8b9dec79f383c383728671bfd5efdf424046c5fe1e3f9790a27b8ada23ef16d0,7527,44,745.4545454545455,233.44519062253897,0,2026/01/13,10.045454545454549
43d02265e5e7496a2a0c4d8b423380abf5664b99fc41c49e681193d639a3b7ea,7691,23,505.5652173913044,154.63528650876663,0,2026/01/15,53.95652173913044
407447b9ec9fc073d06c0e35b5208f80b17a67574d4b96b59150e38d533fed21,7698,62,834.0806451612904,348.5233966500485,0,2026/01/17,20.016129032258064
e10710a9e9517573cd4ab83342b4043be4db1452a61328e9f777fde08521682e,7776,53,687.7169811320751,221.9349196939637,0,2026/01/05,23.245283018867923
9d75d41c8c85c66c9b892bda219ac95b208c104dbf8a384c64784539b3c56295,7909,12,651.1666666666666,230.30589561614693,0,2026/01/20,86.91666666666667
7c77175e451310ffded3b3178d2215b0ea10d20cee02665b0f64fe7b0a33636a,8212,61,1218.4426229508194,226.62249425993912,0,2026/01/19,20.42622950819672
f6333c42bc4ffe5c838e542996d0cffa4b3002aee9cfd15a43ca3d3797062834,8609,9,737.8888888888889,265.85311083982026,0,2026/01/13,79.77777777777777
aaa56f776362eddfcef1d37e82ca100145644b098cc6e6d82e0d111c9286cc31,8727,42,520.4999999999998,226.76411595690024,0,2026/01/13,28.61904761904762
eabd0738d48e89e98c0d62766bf5e6d0a92cc552fbbbe5bd005446830855b36d,9090,43,701.8372093023256,245.71802048732977,0,2026/01/19,28.48837209302325
85f3b7d3e72281b9924196de4bc5f1e808ade55b440a121bfc1811c11f7c6fce,9520,10,468.6,145.81645997623167,0,2026/01/16,121.2
ece7c6b54ccbff978466779a81f0a9c6fcd3e07f3ceef93bdd9dce75d8d092c0,9776,23,553.5217391304348,266.12025225045363,0,2025/12/26,51.60869565217392
6da0817b6fc998e766799ceea963154ceb3617aeff8744516f3565184a2bd22b,10173,24,821.3333333333334,268.0998984624118,0,2026/01/19,51.5
c3879f333567b8c79da5bca7c029baedea2b84484abf660baaa3a111dae1b39f,10348,40,556.6499999999999,178.6494542393012,0,2026/01/20,30.9
1bd3973e94db761e4283ad6a085660749805dca37a36fc271be6ef6dc22e29be,10351,8,876.0,195.6533925082824,0,2025/12/25,37.375
13d0d970034775aa395a759372ab66724ec56f92df7c3669055c4e2448fa5629,10382,17,392.0,140.98685796075836,0,2026/01/06,69.05882352941177
625c239ab4f6ef8d107c544eaf9414ff3909657dd18d3b291df82a7923a1a5cb,10523,5,581.4,157.83104890990242,0,2026/01/17,44.8
803f0f8bc1d14eef0a6e8f17176c95443db3d8847d12e6d9d5f4dc04b8f6aad8,10721,46,770.0217391304348,256.51480922842893,0,2025/12/26,26.39130434782609
deafbe3e5807689dfb12d9d69ac7e0a834e9815081666c67ed24c1758aa59a82,11446,22,541.6818181818181,131.92848833007193,0,2026/01/09,54.09090909090909
759c8c873d9bfe972eb89de292901699eae1d65c68b246bc51466b9f0adc2090,11531,5,273.8,186.95389806045768,0,2026/01/16,210.0
00fb7d3aca2efa93a35bcf8619a5dbc1a71b7e49ed7481e1d2f79ff44c5ebea7,11893,4,611.25,383.0061194028106,0,2026/01/16,13.0
aa4d52ea73ba8ced3d43173dbca53970defe81473943b2093fcc42f3388655fe,12142,19,421.2105263157895,158.44792568018866,0,2025/12/22,63.89473684210526
25493b127ec34a5da83437038cfb87372b486026fac6c9ffe6c53876334063e9,12604,28,459.75,189.9079899394892,0,2026/01/20,43.35714285714287
e09b2b3b7edb844d6e27bb001b201fab74f0ec3dec39b0d36731b65e0f5bbd31,12898,35,779.2761904761904,262.0718971472838,0,2026/01/08,34.94285714285714
5233f16c6fa31cde5ee134a9ad0213aea3903a7f2b43e42d36ff9f2c1f04ad21,14392,15,585.2666666666667,114.80154857646994,0,2026/01/08,81.8
ab229304272b97c123388c2a059ee470ef2a42a5315b8580a3138d1d9ff0c1cf,14495,72,638.2361111111111,291.3129041776765,1,2026/01/05,17.111111111111107
f1ff469595abd7cbd6ff85d228b439de2660494983c6d990f035a8950f38ba00,15301,9,323.8888888888889,265.3289130471186,0,2026/01/05,120.44444444444444
77e66efd135696eda48b07be0a066ddf6358f15e5f7f24f868e5ffcd6ed339dd,15731,36,881.6666666666666,246.3055915817676,0,2026/01/20,34.611111111111114
4a277ed3aa903a4d2075578ad757e5422bb6698b1d72e16e671c4e6c13020f3f,15744,8,472.5,184.67200654132716,0,2025/12/25,13.0
50f4bf91dc065263f43a36377b1bded3e0e084e31ccd9e0e4a1d992b14f05ff1,15938,18,425.5,144.6790509292129,0,2025/12/27,66.72222222222223
d446d154758bcb5fb335a09fc4444efa8082e83d6592313279b66f90558a9643,15966,6,629.5,226.2820879639688,0,2026/01/19,50.0
2bb75a503fa4150259f7b249dc387cbdcf963d36217d399c0bcc60fce2245e9e,16018,2,307.5,96.5,0,2026/01/13,158.0
f8283436842a02950de0168c91385264b39e24c916b4e55b8634cff807e6f9aa,16506,3,440.6666666666667,51.86092513208314,0,2026/01/10,22.666666666666668
2525a3cf77787f2b653be7eaec93e4842115689c863e7e91da2fbb7630cbe974,16962,12,468.8333333333333,190.8663726857673,0,2026/01/05,97.33333333333331
1e74ad58bb069ec1ddebc3ae8dd0b6e313667ae049b21ac70f504879665499e7,17046,8,493.875,217.74953358159,0,2026/01/19,128.125
d89143d96422bf106aeb1133bb38c49346a16321486c66eaee9318491e3f9e0f,17494,28,589.5,178.84061139940854,0,2025/12/27,42.14285714285713
87ee13d58988fe663ced3729bcd0e8f4f3c769d41caa5115261f9250c83961a0,17915,18,325.55555555555554,176.66359186702283,0,2026/01/13,68.11111111111111
d685e7b91f812de6ec15229e3c76efdb2dcb6d273ed435b88542829b26f734d4,18343,10,699.9,154.12232155012478,0,2025/12/22,63.7
1a5626e359a7793f2b099c4eb60791e9ab5b0b1e8a2ccfd34335199de2c65a28,19292,11,382.54545454545456,152.27687918355923,0,2026/01/06,99.27272727272728
655d13957428bf418177566a68aa9ea6477463cab2686569941d41c569989ede,19369,6,275.5,191.6070197043939,0,2026/01/17,205.5
3d2530095978957999ef0f6d49e72a73acb8293707e8437024198b0009ca2280,19507,127,614.5118110236218,347.6952658463962,0,2026/01/17,9.755905511811024
7ab06dd5b4fe3f8dc5d8f60c0f8484fa47883adda8a42ff12250d62b15b6fb2c,19676,72,924.4305555555557,191.5374801144161,1,2025/12/23,16.916666666666668
abc461cd74df35b5c74c8f4b707bb6a0940c5fd7d489ab8516b1534dbfad29c7,19724,10,341.8,98.95433290159654,0,2026/01/19,16.4
3cfab2f60c388b992d08a86085de4bd3c380d62077053f47f3401ada6ce98078,19817,27,535.0000000000001,168.63043089022204,0,2026/01/15,45.18518518518518
7bf8a1a993ec0f5b0c5c34509ebeb56e962b4a0428311d139c4c24c38e3f14ce,19916,22,613.3181818181819,204.2307933249752,0,2026/01/17,55.59090909090909
625fccdd15b02dd357f56057ee1047b97fd0a65ac19b889222d6ec93120f3cd1,19977,17,330.0,161.3476334611989,0,2025/12/22,68.94117647058825
fcefe69e15c961e5a2736ccc3b0b4c1f74fcc839e7390b4d9bb26501af97c542,20085,7,310.7142857142857,107.12704645248392,0,2026/01/05,162.28571428571428
701cea06fb569929c7b2567c5f53cb6cab09d66d6f721eca9dc7beb219b96e40,20162,11,446.45454545454544,217.3059693094524,0,2025/12/26,106.27272727272728
ce5120a407243f012a325e3006edd36a7f9452372d946ef5969fd6490e082ec8,20659,10,777.3,320.9975233549319,0,2026/01/09,119.8
8bb61ae5f483c22a3296c64f0a14434fff45d309c5151f673e5404966f95a588,20939,4,255.0,127.91598805466032,0,2026/01/10,45.5
a8d28c72efcb64728d424e2548dc794d10eedc6ec74bc593efc42d227880bea2,21335,9,634.8888888888889,326.7178342390824,0,2025/12/25,124.44444444444444
9f420c634255cecd252620d166d845e3a74ed4b598f22af3c45a43c80772eea1,21361,21,424.6666666666667,173.3736216914577,0,2025/12/27,14.095238095238097
5707ce56f472f5f815f732d0947a6f618a42cb244e720ca5e5eb3b9fb53ac4c1,21461,11,248.54545454545453,72.81528765103164,0,2026/01/19,103.63636363636364
d22a689405f1ff1f56c3dcbbd4461b933bc2fe97a352f596595ff9da08cacaec,21491,16,329.4375,162.6695149490217,0,2025/12/25,75.6875
452e8e44bacaf3b837f61132079f0b58f445bb38a43689ea234b32aa5bd56d34,21529,6,319.1666666666667,191.8631601486388,0,2026/01/20,207.0
83984e48a47afb692f4a10fed9603f7d5cc754c940a47558e9601c49cf0b2195,21538,5,564.2,227.8151882557437,0,2026/01/10,43.4
8a8545aa8785224e122ccf3d3402baa9f2015252dc4726a55673d6604d2e8391,21545,1,302.0,0.0,0,2026/01/19,0.0
e31077bdd6989cdb79bc383b7b813553d9259a97593818716e378d9e274db787,21560,66,620.2424242424242,325.1789279302713,0,2026/01/13,18.530303030303028
fff5827215b1e43b3c4fc18d1e84abce94e5df58fed4686335cb0834e466aa71,21605,16,464.0,173.7645677346219,0,2026/01/08,76.125
5cbbf1ef3a2d7f04c4e4d9c78184def4244c89231d359179a97702f2e6898da2,21614,19,445.05263157894734,291.77216664705514,0,2025/12/27,62.63157894736842
a087d0b284cb0989ced1bcb5b980f66e853f7ef3e9af73707562e6005a1c460c,21634,19,336.0,273.5226344910917,1,2026/01/05,53.26315789473684
3dec20e4648f3a9afc19150ff14f3ab9515bacc5282a7e06870b94d4a9a59480,21651,44,681.9318181818181,403.7679012483686,0,2026/01/13,27.795454545454547
0064bf821d0701902f1b16d079c0bfb3d6f93070ec1a24fc59573d5a63faa052,21705,2,433.5,56.5,0,2025/12/25,124.0
a19cbfef622e29f1457f889c1aba18f2f5d8f9093ef9493ace5afb40d5015b62,21770,7,536.4285714285714,304.88960866088524,0,2026/01/15,173.0
d8d5f1c339edcdc54695b25b21d5682e087f64627027ef2ff294e9c83626d931,21961,46,499.2826086956522,172.8367743482495,0,2026/01/10,18.130434782608692
a4257a7958b4899f9704cb7c39e3c04f44d3bd40f9d6f846d05e5916321541fe,22206,35,637.4857142857143,251.56644920844903,0,2026/01/17,33.94285714285714
d5a0d4c40be4eb562adeba5d1719ff913c98f9e4b5d76322bf3ab6bc1192677c,22456,6,559.3333333333334,199.0834554206406,0,2025/12/27,7669.666666666667
8bf25ad725caa19ce80b146844363e565e21710dad08367d8b97cfe54bd57200,22565,11,267.90909090909093,147.49943269256354,0,2026/01/05,68.72727272727273
84da4de579b21274f6279fd299ba6dd4450ba2f4f7f9718eb6321bccf8625c1c,22638,40,376.225,184.98587615004556,0,2026/01/15,30.7
e3ae0a465ba3614c4bce8501ff510fcbb4188d4e48bd2c9e59a968faba2e46e5,22679,17,568.8823529411765,222.1700150131297,0,2026/01/10,67.94117647058823
6af4f9817d2af0fadb557da41feaa1f2ca94b1e93a982f4ab921981759999094,22795,18,549.6666666666665,325.76781097380825,0,2026/01/20,67.27777777777777
4978fd98714cd613362ba93111b7fee22310ae3760febcaad05ceb1aa5022901,22872,34,603.7058823529412,269.8475091615485,0,2026/01/17,36.588235294117645
e25d073e1664a52e1c8a5666e279025f579f82173d053da9377b218bdd1903f4,23159,73,978.4977168949772,862.5779935147038,0,2026/01/13,16.65753424657534
2a23f9e82c4063c7de45df4f82145f994b3181097c696449aacdac57e9243cc7,23253,28,435.82142857142856,227.23352581672887,0,2026/01/19,43.82142857142857
d252164dec33a95cb16b9fb85739cc7928173793adccdbcc305ca9b11b6bde44,23325,11,304.54545454545456,148.35360928683116,0,2026/01/20,53.54545454545455
38a27d9e6da3f554ce9498eace62c0e124b26cb44742a0adb9c9d5952303ceb7,23395,3,291.3333333333333,252.2252080097379,0,2026/01/10,39.66666666666666
1753dae11c9be50f49821f4a590722826633298714a0ac729b8f8b10c62211df,23566,45,628.8888888888888,167.46571419875437,0,2026/01/09,27.288888888888888
ae699a8f070b4f2f52cc0048994551676bc7a18d74b3431add5fdfe6f483ca1d,23657,6,436.0,168.619888111298,0,2026/01/05,198.83333333333331
af05fa1609baa17107472b3f5e52ff22162e75b3b334782cd423acaad9b31ddd,23661,16,452.1875,273.47674004154345,0,2026/01/13,75.25
e43a4af68247f79eef47b953c08ff771fb50d185385b7d3c6a9ee5d258f27301,23688,16,508.8125,379.1345768243119,0,2025/12/26,73.0625
1f0a9a91969adde4e6e7a7cd72fd3d5093649f98566e17f663345285ed777e3b,23756,35,627.6285714285714,266.4589044395067,0,2026/01/15,35.48571428571429
eb2238dc3b2bba8705497b277e19772708206cbc3adae620578418788910cab3,23760,73,1207.5068493150682,718.8682147842262,1,2026/01/13,16.84931506849315
9a0e747d391a05a8e8f6a242a479c5f6d41ea5cdcab737d36de627017b8cc3e9,24125,18,648.6666666666666,461.44110012967946,1,2026/01/05,66.61111111111111
8ac923dfbc327889f70f8de78cbcb78a1055a05984e5d43adb2e75b52614a35d,24133,64,683.1562499999999,378.6083158568204,0,2026/01/13,19.109375
b8551072a9f0222f1541618c6579be1acd74c3f253aa58662754b25ab5039301,24283,28,701.6071428571429,278.4763825951228,0,2026/01/09,42.60714285714285
81532a9c72fe22ab70abdb45cc03b08a122f9b6f190fca4588c15f820fa36978,24290,67,758.6716417910446,458.8281435518259,0,2026/01/13,18.35820895522388
44d71c1f94f3727c6baff1b70244ad315a514cac7dbdb9fbb35dc2b34824ca0e,24335,22,296.8636363636364,231.69068240662932,0,2025/12/23,53.63636363636363
e79a6c06566528643fd7956b4dbbb9546897cc44e5688aae90d2fa3545f4049c,24486,38,735.1315789473684,260.106979109976,0,2025/12/22,31.57894736842105
2ff478201e83f0f97dbc53db9b78d5506ac88ace7ba1e84380132aeb9e39eb84,24496,12,528.9166666666666,131.69501277151264,0,2026/01/09,95.58333333333331
4e83fc3894b0289f0cbd7515036405b9b224b831114deb8cce8f85b74150751a,24505,11,461.27272727272725,239.51659305172885,0,2026/01/20,94.0
5cfe9665cdb93822bc5fc38f9551fc409df23ef3768ff37efe0b1795b155281e,24558,1,440.0,0.0,0,2026/01/13,0.0
d14ecee80f9c91ccbd8efe5c18b8be32a12e9cd7940325a4bab146207ebbb716,24667,32,371.1875,80.10556999204238,0,2026/01/19,38.6875
d9bf0d8a8fa2bd62383cf064047c30eab4c3dee5c517253ac400da5d48222418,24770,68,1448.5588235294117,2975.4091482485182,0,2026/01/05,18.10294117647058
381ee01593d293b4fc93010b841674cbca16ed172cbe354c9cfd5cdd94709302,25055,36,583.2777777777778,355.9817107592212,1,2026/01/08,33.25
1fc7845fb27fca2bf74c8e7cf9a24bde7d446a50c919b4e9537fec3b57197463,25245,25,649.2799999999999,302.5902205954453,0,2026/01/19,48.16
3b2c26d29b7c93475257c7fbea45e91b7cd844e2bd6c361bc54900399d96450a,25358,5,317.8,111.8166356138477,0,2026/01/05,47.6
f184238c8a8c2fc7317d5e47ac509bd9f2f500dd65e26f2fb0eb7b64b1bf2b91,25414,31,520.1612903225808,222.33411311897103,1,2026/01/19,39.58064516129032
e89828a697bba89581487b2295f375f9007e66ac4206ddf3cf231d9ebcbd9a97,25548,17,722.8823529411765,402.8136165630219,0,2025/12/23,68.6470588235294
277954693ad31a24c6da12033af1574be9d4024d7f49df57368231f677c00070,25686,17,365.88235294117646,219.4173788904825,0,2026/01/06,69.47058823529412
f25227730473534edf871a1828c972a003fe11bae9fa019cc748ee9858f99cd4,25740,16,387.5,139.928106540466,0,2026/01/10,73.9375
8b7b2f1c156ff7b21d093544f574802a24725229dfa2c9c0a1f30ff9e0fc01be,25914,14,559.4285714285714,241.4671566799552,0,2026/01/05,88.0
fe1dc1b52a857b0228af5b036f596dcf10d9ff691f550adf69b9e1141accbf5f,25915,2,473.0,179.0,0,2026/01/17,26.5
7b242e1cd77e60bf1d0bdb0888b4102c3b871a82380905bd8af7fcd44f60a90e,25928,16,429.0625,198.4462990175176,0,2025/12/22,76.0625
2995bffe30f078aeb6d85d25e2ef4e8567a3d5e6ec5e5e2b81635de51f9940a2,25979,41,377.6585365853659,348.6907645126193,0,2025/12/26,29.390243902439025
2132774f1c41f89dcef7d408f4a96b1d7b2781e51b0e8a6d694de65734f8fe2c,26004,17,513.1176470588235,253.51061756461613,0,2025/12/26,71.70588235294115
6ebdd0329510f8ca3201625cc58dfb60a90432c52ab48464d83c9da1cbf083c2,26019,17,995.6470588235294,260.1157980086992,0,2026/01/15,67.82352941176471
07cc431a5f277808483adb1a659e444108bb1c749a61ed68d4e4a785f8ae058a,26067,28,607.5357142857144,180.66355513235405,0,2026/01/19,42.5
bd99ca89bcacc45db5b0cc4eac95fd69f3cbcf29fd4fabfd4607703676d9734c,26069,4,731.25,183.0660741371814,0,2025/12/22,282.75
77c222cd2b65d4f3376860634673ea8896b765891359ffd7c9a403da606edc9b,26084,12,769.75,174.21735705721173,0,2026/01/15,67.5
80cf825a115d2e186c21293a76d43493a4511f170f6984f1003a5c166c59bf9e,26255,8,470.375,255.3267208401816,0,2025/12/22,93.5
2437a5c92e0632c2e57ae413ae05dbef0b182d4356e3512c1d3262de6c9ab231,26331,50,519.48,245.86705676035592,1,2026/01/08,24.0
e888f7fed7b83512979deea18b60ebba430b3348db1487ea50ed38eafa0b52cd,26393,6,524.8333333333334,128.3581144904969,0,2026/01/19,89.0
9442b6614810c045c9b923555c9f1790cc7d8cfde2b10b0035d8679d79480cae,26466,24,417.0,221.2485404848282,0,2025/12/22,50.458333333333336
714a52a9ba7f69863961f0a7510462ffdafbe45df2d34a73180ea54f0faabaeb,26467,8,372.75,260.1584853507569,0,2025/12/22,148.625
018e57692e0dc2cbc7448b661f002f52f56b25f0537c3762715eb6024e3b5a35,26475,70,616.4571428571429,193.40022792971385,1,2025/12/27,17.199999999999996
a13e50ba17e7d508e3d4aca134983e8659ca602fefd9a73a265c0e395c6a708b,26522,1,28.666666666666668,0.0,0,2026/01/17,0.0
2393feb1019e89cae689cc358fa589d851251482b9bf31f4404e6ef5f0461514,26568,14,621.7142857142857,359.2097335165922,0,2026/01/15,78.14285714285714
1b32cfd4b28c0a68260b1fd72bdbc4050fbe0cf8a8e6a00ac2a87e4dbf5c643f,26576,26,482.6923076923077,158.7181268380592,0,2025/12/23,45.96153846153846
7f507b4728d1e4786099e101f39e3e1780a4912cb543712f514ca5bc5ad6ea9f,26595,4,438.25,261.2090877056156,0,2026/01/20,310.0
da1689c9f7464d3e9b8d30b08770bbafc521e61fc685402b7044ef3f6215e382,26600,1,112.0,0.0,0,2026/01/09,0.0
3b3fe0de2e7d0eb3631e28440b89b9965348ee0c0a5a4877715529f60f8c3c19,26608,43,441.9767441860465,217.6735862635647,0,2025/12/23,28.27906976744186
6306798a454ce4253e8e0f772dea60b0052b694667c13a0a52d538dd9d8f448f,26625,18,984.8888888888888,260.3704388599033,0,2026/01/15,66.83333333333334
71096a6568f5346722e12e1427f8281f3914a30b36c79daf4c098ab5301c0455,26638,24,663.6250000000001,464.8117730598053,0,2025/12/22,47.958333333333336
64b5010c96c15747d3d95c6a724e6cacafaf1f278fbe0cc0ae21fc76351854b9,26639,10,460.9,257.8043638110109,0,2025/12/22,115.2
22a55291959b98c09ebc70c1a8bde1f584d4a6e61eac69dab62815de2ae73bd3,26644,22,351.59090909090907,182.1269934291378,0,2026/01/19,53.86363636363637
6e9fb95fdff7d09d22c05732251f00939204205694d4b2a3e57cb2311b3612bc,26668,27,672.2592592592592,252.38265958403443,0,2026/01/16,45.14814814814815
aaebc8c35e2bae84e687336a35c7259c0750046d680df1e5e6d4d9c2c2b5401c,26715,71,785.3098591549295,346.7071903181272,2,2026/01/05,17.35211267605634
38e340f7401a57ae31a29db7a3edda162f6b196da6208c12656e2c27897aa5c0,26727,11,676.9090909090909,241.93329454265796,0,2026/01/20,65.27272727272727
e1b93bdced7199432edfaf50b81515c01f008643ff1d390ebca4a919fd14ce78,26750,29,563.6206896551724,224.46663430622752,0,2026/01/20,42.82758620689656
e0c5ee70ae9e338cb4a71dd602e568e49d703ba1abc630e819a511987d2fe3b7,26793,27,452.8765432098765,219.9197973551019,0,2026/01/19,45.25925925925926
50a263fdf59350216e1ab2df8ea93431e5bcd29b790563f14d05e05154414f88,26847,2,930.5,533.5,0,2026/01/15,576.5
94d68a08927dfc87e93a025c493da0fca2a56b746e6b13b865f4be21ed5d9be4,26849,54,502.8703703703704,261.2984703429519,0,2026/01/13,22.64814814814815
1984abe30e22fa47295eb7e3088b645e501a7849a8fe914f286717bd50d4cad6,26882,57,738.4210526315792,278.6698950980882,0,2026/01/06,21.614035087719294
e9c429e5ea6246452c1734e4edc26879ff07d760eede3c521ed1f74d86827c49,26904,19,659.6315789473684,304.5703117381006,1,2026/01/08,57.73684210526316
51824be97217e72b1b70fc91a9355b7d38f120dcf9930733fb9dcee7fd25c120,26917,25,335.48,241.71969220566203,0,2026/01/13,48.92
0b91a3ba4e401d2fee3de38f948cd1e9a12b79e2bb631fba8abd0882fc2bca0f,26922,19,388.89473684210526,224.137386143044,0,2026/01/13,64.89473684210526
9a4f1f0904ca7690c9f430f1c66f3a364c2845623fe130bd6649b53d94bb815d,26942,36,724.0,251.45476730418136,0,2025/12/27,33.97222222222223
ac8cd7e61eaa73303f2af8fb923de81b944017cad3485b6892c004f39679610f,26957,19,392.3684210526316,133.9647284790078,0,2026/01/20,63.63157894736842
3fd263889d915d6536f294991c2ff52215c4425bb8bb1fb4b45195e0e4878d97,27062,10,947.9,439.9619188066167,0,2026/01/20,110.3
b1c8d212a0ff7d71bdd6610adac33e93a92d71e1272ccd7ac2c4f10f54818927,27112,13,592.8461538461538,301.115834127218,0,2026/01/17,39.07692307692308
1495ce421b29b756308eee3da694e6439ee85f34b89552bc3b5e80bfc64d3c98,27146,3,686.6666666666666,185.59154674236171,0,2025/12/23,256.6666666666667
f79f22eae4a118efd5aed05a7a8f48f7c307c8f80e55f991a6612a9aafaa7c9c,27178,34,656.1764705882352,337.96984468581667,0,2026/01/05,33.35294117647059
15ce2ccdc514163906218b14fe2c82c28bba1712b25009daed24c13bb87e4039,27198,34,692.7941176470588,239.1501840970089,0,2025/12/27,35.529411764705884
4c46eaada593670cc11986189c2c969616f9857e732ecf582c0a6c46ee2cbeae,27241,18,481.44444444444446,206.26175985927907,0,2026/01/19,68.83333333333333
e01ef68f21d4ae7a1d5de08bbd06f58a3fc249f3d74b7f9a3def65b1cbc3b16b,27249,32,623.7916666666666,298.7600968772624,0,2026/01/06,38.40625
0d15ea9a7fca11315441a999f5dc8ac8ad518284a15bde2dad2b3013b37dcb46,27255,18,400.8333333333333,207.87823626130543,0,2026/01/05,66.44444444444444
a68b5d991b577257e2cd2125bdcf97ee389ee03fc03b35fa63837d9b9bb437a4,27256,46,630.7391304347825,236.41263068429728,0,2026/01/17,26.65217391304348
870a5dfa7cf30db9af33a20888836906f9fad0aa8d08439c1bd61760a7940969,27258,7,551.7142857142857,302.3709709638687,0,2025/12/27,153.0
7819853149892e853e38d023fa1d852b69c4e427cc2d9df0b6cde755465a374b,27313,13,33.92307692307692,36.90833038855871,0,2025/12/31,53.07692307692308
94e4c38aa671847e101ccb0d5426f9a7f0633022cefab524ae58980c7641267b,27353,23,368.2173913043478,226.800229376799,0,2026/01/09,52.82608695652174
16afe6dd3c2f355cea49504c9401bd7b9a703754a7fba942dc6b8374acc386bc,27363,5,439.4666666666667,183.03570993418492,0,2026/01/09,245.2
7a213cf714fad737d09052e26ddbe48706376438826589499cd1ed8838ca4e63,27409,40,267.69999999999993,79.6612201764449,0,2026/01/20,14.725
30a2356f978b083f935dcb80cde197c6abe6c1357013b79dd634b88c47e626a2,27429,8,306.5,125.28068486402842,0,2026/01/19,153.625
c19b4f8e03d932bf15e738dbc2b03ce200e10786c6156be685703af953f2c149,27495,25,603.8,176.57361071236,0,2026/01/19,49.84
ddb416960e96e674694c990d0cd2d4a688016ab3070150fa184cf715c5c41584,27498,16,340.1875,146.0437514710917,0,2025/12/22,46.625
539cfeee707a9a02ded3ec38ab1dcc5e0c8d63e99062f9ee048b21528349da94,27507,26,872.8076923076923,272.80931904209774,0,2026/01/10,32.11538461538461
d6d5ef8bcde675dbc7b811643a9b7fd34e97896310530c274784d6d40385779c,27515,1,512.0,0.0,0,2026/01/17,0.0
8c878bcbb98ca9af4d87515bc6dcf43004ecca81e1e6978137536257f5731e15,27534,33,313.4848484848485,202.93021956538612,0,2026/01/06,37.060606060606055
baff73b3426a2089e3ffff2cc227f71306536643c8f72091186528105ac257c1,27535,18,368.1111111111111,229.40596933260505,0,2026/01/06,65.00000000000001
56fe8511a1ccf6118c148a977ebcfdf18ed84d10d39d66ee78dd12c00f697f9d,27550,13,597.8461538461538,265.71553504101007,0,2026/01/10,94.6153846153846
938203e0f6017503f6b0e2f9c38596f502d099572353f2e418efbaed93dec342,27554,14,521.3571428571429,126.76446502011764,0,2025/12/23,79.78571428571426
798ddc63bf5948f5891158a4c16775896e398e01f1d2cf0c93d406fd2468c2b8,27573,15,390.73333333333335,185.16171910581895,0,2025/12/26,52.0
d6906d5f681d8be30a69335b96cef985dc786fd7da64825291c5954767f2c5e9,27580,3,513.5555555555555,363.82101148100526,0,2026/01/06,374.3333333333333
82c7dd3742f6ded792bc56cc917009a5751b569159d63a099570949e9a6305f6,27602,20,578.0,202.21350103294287,0,2026/01/20,34.2
aafbc11cd33698a932a2a535b5ef56e5a967946dce103873bcc41b8aa0bcb25d,27623,34,413.8235294117647,188.53872602484796,0,2026/01/19,36.08823529411764
b46cfd52bf5c16664cd1e1bfcf68191318f74338db319a654ab3568e0e3ddbee,27637,1,1142.0,0.0,0,2026/01/13,0.0
1e7142fad2f2ae0534edb5fd2bac4ed3e50ba8f3be23d6c483a26d05c2805a88,27793,29,692.0,232.04726034685865,0,2026/01/17,39.96551724137931
41def56e332b76590f8aac4eb4362353b998934a828722c0c93964c01919f5bc,27806,55,362.0545454545455,200.59895931768628,0,2026/01/13,22.4
e7fa199e04f17ca37a4ecc594a833c515400455f75b6d3c1a2beca7eba01ba3a,27809,15,459.9333333333333,261.46700662904976,0,2026/01/17,55.8
0c4042193be6c445a1410585530c3637ef12beda95746d3afe7ba28df33c6778,27843,31,631.6129032258063,262.2422762378524,0,2026/01/20,40.1935483870968
576cffee3c3a84425f16f08cfeb69daced08df0bc13ff7f906295f874f869903,27844,15,423.8666666666667,228.97128398314248,0,2026/01/17,80.73333333333333
8220e7c2ff9640fc6fe75af1a8cc9c9c82c143e6f69adf0c3e48b2136efa040c,27853,28,433.6071428571428,297.08684868782944,0,2026/01/19,43.642857142857146
77f46c1ec055875c1c623d56b13cee5615f7211db860776df7cb0b4863fec094,27867,18,577.4444444444445,240.52055172577076,1,2025/12/26,45.55555555555556
eba5e38f6253082092f732952a4a46a2c61cfbc79cb63eb5c83899fac785bca4,27868,25,721.32,357.5600335607996,0,2026/01/16,49.16
a1ab1e4a4c59b12b5b74363b864300f61519029d7e2c3db08805ae3bcb03eb59,27889,61,769.9344262295082,335.84016831061217,0,2026/01/17,19.9672131147541
500fcb7fbad446de27271df822e5994ab19044b43c7f9ff661c8c92337637c31,27915,37,567.4594594594591,327.6437249797821,0,2026/01/17,32.72972972972974
9e02ef4f177c25ca0ee388963094379a19a65517aae2273cde4f48f22b4df6ae,27918,15,612.4666666666667,437.89403081364577,0,2026/01/16,72.86666666666666
f474e17080d33f80d8a8661d403f1d1c1828b3664a27d4296a0d1f04456e2634,27921,13,429.0,151.4585498005719,0,2025/12/23,91.3846153846154
0f24a00e44f2901f0f9b014a9b499b90c75211634c60ca6a1f1d6368511ffcc4,27940,68,383.1029411764706,207.3952705021105,0,2026/01/13,17.779411764705884
04556dbc980bb9b116e030cb1c5decdf55cf7040b184d712aae08c198c2bbf61,27964,8,638.375,236.01426731238087,0,2026/01/20,130.5
706ba5551fccc869c101732e5273ffb46d9e157234cfb896f623c5bc6d0c6799,28082,21,486.0952380952381,228.37540205337035,0,2025/12/26,58.04761904761905
669622c532fe13501ff43e482cf11b808a9ead06c1bcb65b0827deff97d24ccc,28085,39,970.897435897436,354.1832637948888,1,2026/01/08,31.56410256410257
b044a9764fbe962ed24dbf69a3eab56db43b1bd97557ec9ca0ff0edbf2d1e21b,28118,12,517.6666666666666,208.39479093511176,0,2026/01/20,99.25
f80f34b52a1d1cea8320a04fbfb31dbf2627b73874f45cc332c9ecf4bc861d01,28121,3,522.6666666666666,230.4956013077523,0,2025/12/26,338.3333333333333
80e47d278abb3d44a96ca4365c72ba822c4e75514f0251cbadd6e2ff850e0711,28154,31,532.6774193548387,224.27954720965096,0,2026/01/13,37.83870967741935
abd1cccabe558c30289107ca838c3ac1ee64c9a96e732315821bcba52ce2f152,28206,51,505.2156862745098,215.8821677262297,0,2026/01/20,24.03921568627451
034d535d2a25f8d600aec971faf612f392f2d00aa6fe28b5c745c9d81ca8eb89,28245,13,544.8461538461538,256.84920633106776,0,2025/12/22,43.53846153846154
79a01ea4c5b6b9a04307976ae36320e23f0a9034e166f2aabf762f42290c1ecb,28262,9,1034.7777777777778,256.4040985015544,0,2026/01/16,15.666666666666666
0ddaaa3c8ecb932f2e96999cdc0374bf6d3be045b7a1f8996b63bde7d79af288,28315,27,599.8148148148149,200.4330565323285,0,2026/01/10,42.55555555555556
e4694974fd6729e92dcc98a2854616b26a33f084302c50e2a556e3741da0c208,28334,18,427.3888888888889,174.26867471709969,0,2026/01/17,68.88888888888889
ccff20cdc639921e4041d0c1acd8ec0b4af14a97a5fefacfa1a45dc3f53d3b86,28421,13,443.38461538461536,195.00356543546687,0,2025/12/23,93.6923076923077
422cf10c7652871cb458fc6d1a965684f782a4183444ea7fec397989154b51d1,28462,15,286.3777777777778,211.1296202412391,0,2025/12/23,79.06666666666665
41cad565e2aed00765e7bfbced762fa46b9e4412f3ce46bb386577c6e4e6e189,28466,12,599.5,226.42714059935483,0,2026/01/20,100.08333333333331
1c3174de39d294111d0d097e741cb501146a5096aee64259109ef1c5f717094a,28494,8,640.75,112.81040510520296,0,2026/01/13,154.5
09c207761cb4b1096724017b69c8420afee9472fb4b5e499fa3d32c7d06d9f17,28548,8,431.2916666666667,152.9194084676995,0,2025/12/22,150.5
f474f6483e134ba52ef50e99ef863a7e73516075966a1d5c560d7e420579a4e9,28552,4,778.5,379.9450618181529,0,2025/12/23,265.25
b58b9ce0d4f8b86645fe46eb6b852bd28e8a068a35312c24c2b4ff1b296e0cbb,28556,22,552.2121212121211,247.80575533737888,0,2026/01/15,53.68181818181818
d2f6eec110212696a0eb7902ce6b133d9153fe1f07fcc73b76c25396476f5090,28571,31,575.258064516129,233.1618219066324,0,2026/01/17,39.064516129032256
c71600a390ba79e313175cd5ba1c7e6b9c32dc86a3ded8eda1ba6f50d40428d9,28572,3,316.0,37.21110945224116,0,2026/01/05,99.33333333333331
c1d55012e5f7d09114ba6d69c46c2975998df686bf4348e3015877eaefbb9b98,28637,71,458.90140845070425,237.5446545245023,1,2026/01/19,17.54929577464788
d467c3b71ba876eda713b850d71e12556368fbc517abf146fc90760cf19868a1,28651,2,408.5,1.5,0,2025/12/22,3.5
1f3e305f4bd87542caed8ca64ad9862adee4f935b951dd45ad6b6bf6c675de55,28657,17,446.7058823529412,137.23263404799488,0,2026/01/13,28.823529411764707
15563a44cd0dad3da1954a40a8a2236f244037b1ec7260b29a7b4a01dc5cac34,28683,6,670.6666666666666,145.34059614880124,0,2025/12/23,199.16666666666663
0912bde60d71aff6a23a75e146bbf7913b3118837113ea952dedce85d039b737,28707,36,747.5277777777778,263.48207677933345,0,2026/01/15,34.3611111111111
6202279d66795088468e60b07866bec410e81c3f852f276d0d2d4a14f71a3e2f,28753,34,577.7941176470588,228.90465256389615,0,2026/01/13,36.23529411764705
9b344161f5a9df29dd7ddd58e08ee9d8a24c1990b968b1486d988331f73e0089,28776,36,451.52777777777777,133.22192973278987,1,2026/01/05,23.05555555555556
ef9932327859fc65280d6a6932ef8f789c0c28ca9c51698dc06692d6974a2800,28813,15,380.9333333333333,100.83680985742367,0,2026/01/20,79.66666666666667
c5465bbe388abc7fabde7659172cbecb978e843a0efdce7dd2fb9f1919a0932b,28860,42,455.54761904761904,256.09905099961315,0,2025/12/26,29.071428571428573
e0e0400827ac677389691a7405b426e3d301d39c249013e7b6dbf02bc54b1b69,28861,46,481.1521739130435,202.38243687668052,0,2025/12/26,26.543478260869566
b5046b5a0fde3e0c9db8288bc6554e34ba95ef78dd7d9ea4ebf53a6f0b82add3,28885,7,564.7142857142857,243.00130175178344,0,2025/12/27,157.57142857142858
28a624d33b7d7f0b4f8f60b6fa1f07762c90d85637fab3243e92179cc171c8c6,28932,7,836.2857142857143,250.10895584908235,0,2026/01/19,151.42857142857142
f449ec3b19fb6094707c4d29d6ea93712eb42b1921fe87b86a8e9c75f5398fcc,28960,20,528.65,196.0995346756336,0,2026/01/15,22.0
8f7a70a7c0925bdf111e89c849fb65a2c5cba9ca31482049604656436b18e437,28969,23,437.4782608695652,235.07184277692775,0,2026/01/09,52.08695652173913
ed1d7bbf5c0170f9763d838b73e1091ef1bb7f58a7d5996e1cb93547fd8632ff,28996,6,726.8333333333334,235.9190656889678,0,2026/01/19,205.33333333333331
269d5034ff188e15f0761cdb1ee7e23f152504e446a1fe38e8307191861580ce,29002,7,431.4285714285714,92.56635788581552,0,2026/01/08,158.28571428571428
69186d2496f24c904127c8b0282e416fb49a46ef11c501978460aa158333e7e1,29015,11,762.3636363636364,201.1296609052673,0,2026/01/09,21.09090909090909
d22756f001aa0a9e55f1fd556f69e21cda5f9417e52de445e77033fcbf5f1eca,29040,15,589.6444444444444,227.1317603137218,0,2026/01/10,50.66666666666666
d656ef46454c594c79729d9e7e600e955b4aff75094906115089aaf730e552fd,29043,19,278.8245614035088,121.71327482276725,0,2026/01/17,65.3157894736842
fc802b4ef6c443c7fe5b5778fd3ff4cf2e49788dd1e0931f19feef4a276fb2dd,29044,19,410.96491228070175,241.42655693726604,0,2026/01/09,43.05263157894737
9e86866c557b7d737c51424b36f5e2c0c50a7d0d542dc64217c61329d88f81b3,29058,46,320.9347826086956,234.02688457357547,0,2026/01/19,26.782608695652176
4645cba570ed5119ea7afc75c08def315d00bea8a36dd2278d49bb0b5835e7ba,29086,7,322.1428571428572,113.04288512573892,0,2026/01/06,166.14285714285714
6bea8382de308bb51ad379dee3cdb9d8eba573b98db13738ce42c2c2307b3e62,29096,38,689.3684210526314,191.73122924012188,0,2026/01/05,32.23684210526316
96f4cc8057da61789f4e9619ef5e07dae5435fb5f62d67a772429d60d19845ad,29133,36,653.8425925925926,217.57970706527692,0,2026/01/10,33.83333333333333
26026e4d72cf1eb249695ec3368395c9f7fed99c60049d0146690c9e939bf208,29143,44,560.651515151515,289.2518908081472,0,2026/01/17,27.95454545454545
1a5b0fc874741c53acfd670bdf443c2afc725aeb0f144d8fb17666fe75d8295a,29151,36,402.5185185185185,207.1755450027534,0,2026/01/09,33.861111111111114
153475fe19d81b2960217ffcb30c0cdcdf08d046093e4fd2eacd50ccedd430bf,29164,16,434.5625,254.5105520283,0,2026/01/13,76.125
4957004ad666d727dad06f7974d65853ab3fbf63343a0174f686deaba9d48e2a,29188,46,448.5,220.0285307586861,0,2026/01/19,26.782608695652176
ad9787255026f6af72869e531bc7cab6c1d98f7eeac716e294ee15b5ba171e0c,29193,2,242.5,157.5,0,2026/01/19,423.5
b4ce885cec5d7a6e7b92d86bbad6507c712bce9df1b4d0a9f95c7da4bbf58d16,29211,16,711.4375,175.07604374599626,0,2026/01/05,77.0
180dcfa913d5307c72300b6ad45035c47c0ef7fe081b28dc4ae6017fc3b0930a,29286,15,440.8888888888889,374.6186736099576,0,2026/01/17,30.33333333333333
b5056a0d15200cef7d4f130a88148607dbb89d0f5f4c0179de7aa530390d3313,29306,8,544.0,248.481108157363,0,2026/01/10,154.0
1405f7e035414e054f78fa81b242bd98130aa39ff7da113ebcb3ce4cde5a34ee,29349,5,489.6,182.479149493853,0,2025/12/22,149.0
3e17a418ddc7a57ac8759101e81449196950d53bad0cfb8e6ee50664a46626d7,29358,63,607.4761904761906,247.07789769290284,0,2026/01/16,19.68253968253968
5fc8db623064274547ce91377c823cd59de541398c75c868621f38a0cd18ab56,29369,90,576.7666666666669,166.7758342473174,0,2026/01/19,13.83333333333333
0ad696532315384c20c46c631ea0807611d865b9c0626690c4d0e92a7da221af,29384,18,402.25925925925935,292.8980894600164,0,2025/12/23,65.88888888888889
1adaf7d80030ca24aaf9fb52479917a00372370b6e0e7c60b64607cb63df610f,29386,59,821.0677966101695,284.2566198210595,0,2026/01/19,19.57627118644068
2608f4dba6cdf3bcc96d47955877cb8737868ab9bd7ba3d46edc69b4e8c10175,29400,16,840.5,259.6928474178679,0,2026/01/19,68.0625
6043be0375e99dcf218ba02bcaefb163a7dde37a767426cad0e068c36725f279,29431,35,249.02857142857144,119.34331885406084,0,2026/01/10,34.82857142857143
5a7b8e76ad3091619906fa8ca5f5a3f1aefdcf40de13883ffd60f17ab5d9bdc1,29462,18,888.8888888888889,341.00845360796944,0,2025/12/22,67.44444444444444
306aeb076ab65b70f17ce671295046a2a6aba616165b73797bb5e2cb11a3b20b,29463,11,706.0,318.39912060180063,0,2025/12/25,109.0
5b11ec0da46486542fd191f4267bf61517f1798a8b2ddc238399dfe0230dc697,29471,3,670.3333333333334,65.44378418833125,0,2026/01/09,212.33333333333331
f0c0b4ad2a61a3cd54b82a6ab2b6aa2c30a14f0ba3132b603a12592bee7e4071,29479,9,547.7777777777777,241.51185335018656,0,2025/12/27,135.11111111111111
7788092d0aa15852fdcdc7ac7edecc26278f1d0d9b7bba3a08998760c5058090,29481,36,397.6111111111111,281.48833385908813,0,2026/01/16,34.44444444444444
3e18e96fc5dc5d5f05cbd1fbd901ede5bd511fda954561ca37f4783060f9a68d,29485,41,574.9674796747969,322.075466294002,0,2026/01/17,30.26829268292683
9e8ff3ed7c0924f1b402cb66ee4eb01e6ca55da9f4661fda6e284e585b0872e3,29509,30,597.7666666666668,292.1611573290532,0,2026/01/19,41.06666666666667
6ad5001bae369d1bb66b0338ee35880f9aa233c425fa438efaf9ab2803d04818,29510,36,513.3981481481483,169.7604852203526,0,2026/01/17,33.97222222222222
1a4c10d4a92847f8de73d9ff15d92aac81cf0115058bfb5674d4bb90e3840abf,29533,48,638.8541666666669,243.50320275338703,0,2026/01/06,24.854166666666668
fad615e960dda6e0ac6df39c3c81cba805ae738a5d6f2ba61831222d981e8e80,29584,17,767.0,327.6005458589146,0,2026/01/05,66.11764705882354
3edfbff38b5bf939756bffa5212ecbf16d3ba27f00d719d5a037108d3fb312d6,29603,34,549.0686274509804,202.40979237290583,0,2026/01/05,32.029411764705884
2e06fa1516369329c38a73e5228ed8f934a91bc3ba63a8617edd7a8e101a07ab,29660,2,576.6666666666666,403.3333333333334,0,2026/01/10,511.0
7a302dba7d57edb9bdc3ac4b9871ec89d8eabe8920388f1a8e8fd3d3a0b7583e,29665,81,583.8395061728397,214.4173533141031,0,2026/01/19,12.666666666666666
da3b7df3359108f64beb81f886bf34e14844a988fc691ae15a6c4853bf246882,29698,6,601.4444444444445,330.5699716744392,0,2025/12/23,128.83333333333334
bc143422aee7b2248226d81d3e116f6e033d07a2c75957b15db334e8480f7daa,29756,12,546.7499999999999,181.38122963240448,1,2026/01/20,70.41666666666667
95d6d31731bbdb216cdd64e293fab865569f2ca483f007c187c22071584092ab,29759,3,479.3333333333333,209.6669316373525,0,2026/01/19,268.3333333333333
c8bfed20b6eceea3ac67c409c3448039c8fb312b92e09fa8e55eea0652ac45d8,29775,80,641.8124999999998,286.4642688779009,1,2026/01/10,10.475
39a7e4d7939c7b044c1adf093e0c631f080e16e9694795a41d96a8318091fd39,29778,40,469.45,170.553649916969,0,2026/01/20,21.025
172e791ed62e25938e0f70ce09b4a55c17f97a9e6be849f1805ad47d9b975ab7,29780,7,636.1428571428571,168.84160485006257,0,2025/12/23,112.71428571428572
be10ace80ee7774ffe66ff8075eabae22c8903e470f8952e19cff9d305b5007b,29785,16,531.4583333333333,232.5587104785467,0,2025/12/23,49.75
4955073e205ddb0a8dbe3e1a91eb7a40662b7262d788bc394e4e6781d637a974,29793,4,386.0,89.18239736629646,0,2026/01/10,24.5
94f53049c1b3c0930479fe24a78465d8533f4d6212b15b9b23720080f8d3f32a,29840,38,564.4912280701753,258.89735527101897,1,2026/01/10,20.94736842105263
a4844245403253e3bf2469520c1dae2619ec37e9a8e34789f15df5a1973853cb,29845,15,279.1555555555555,112.4061331308578,0,2026/01/16,54.333333333333336
be0c504caeb3da0d2b2e2e7e3a3774a630d699b999ad66eb574f48fc36b97f3d,29853,32,402.95833333333337,259.61215396454594,0,2026/01/06,24.718750000000004
12b621c485b8700a4b66d81c4886929278eeddd020b02f9cd70be61962ac7058,29894,30,709.4555555555555,363.60637531930007,0,2026/01/05,25.03333333333333
feb0fd2c028e5ee5d44ccff05ea1d682407845a045dd8db76d7361890f0d3f2b,29945,19,708.9298245614036,305.0051208264845,1,2026/01/05,35.68421052631579
577bc93bddec2ca01111876e958fcd0988dd6453487d883ea8f75137b8c4218b,29965,39,619.1111111111111,236.7790913101733,0,2026/01/05,16.666666666666668
b4d3906bdb9b96362a0a682c58665517cad8491536cf7911765f53e9a4844051,29968,19,425.3684210526316,191.25546721495888,0,2026/01/19,34.78947368421053
ba8af86728603f9a13634340cc07a6652f1c267159d476f7975429e95c8617f6,29996,43,545.3953488372093,227.99287417821017,0,2026/01/13,13.953488372093023
44c6e4ab1a2cc04949bdb569b4646aa81e7a21ee8da14b414c33ba60c94d5544,30016,12,476.22222222222223,245.59626359405,0,2026/01/05,47.25
15b10e7eef76c3dbc621d9230fb18e99403db3b62e85e4cc4c08cb49c43cead9,30028,8,643.8472222222221,150.57671988900233,0,2026/01/17,69.125
32c7755bbf9f1790e82c554d49e1c182222a939865163ea2ad8e6abe0d09cad6,30034,13,817.1538461538462,203.04559781709008,0,2025/12/26,41.15384615384615
28dc67a313eb51571e56d2c3f3e95b86f5ef6e23f3f6f4b8a17d9d0d0ae7a217,30035,17,707.9215686274509,164.60499477851883,0,2026/01/08,32.11764705882353
32b6acc9cd4dee9a1d88dcf545cd5566fbfc17c344bb97af588392819a4a3e38,30044,26,646.3205128205126,224.35660108634943,0,2026/01/06,19.923076923076923
c5f0b360c3049f09a09fdfa7c75436cd065036aaccb0d7ccf7fb99173645bf7a,30049,10,548.4555555555555,232.0226545452454,0,2026/01/20,53.5
1ef1915651c4a6a62b5c4c07424ff748c0a6d62793cdf2f620fc13bce1ceadfc,30086,13,642.7692307692307,172.41861127730093,0,2026/01/16,37.23076923076923
77263974798aeee5d691d08ce1b4f41cc71ee45b24b65d5037ed30bc2c96d637,30087,11,680.8181818181819,344.48897487559105,0,2026/01/10,42.45454545454545
a8279d486d532a3510f3738073e6190cb7d9b8a217984ff2ecba52adfd5c3075,30088,8,539.5833333333333,445.5922634851036,0,2026/01/05,58.875
d582c5f1e35e1ffb16611fa78cb42589dcd78602e3cdbcfc233e3a9a2b90642e,30093,14,480.6031746031746,204.45275912304527,0,2025/12/23,30.714285714285715
8d1efd551dca22bd6a3b68177a9bd96c204e43e00bd63d40c9737242b1f92a84,30096,18,499.3333333333333,133.3054137435287,0,2026/01/16,26.0
f3c0d53352397e68796b52668633dbe476e4a1347d5de975b420338116c7e93a,30128,5,299.2666666666667,47.60970956059713,0,2026/01/19,86.2
fbf9a5a2412e587097ada0d3272d36978ee3557dce9cf0d48c7282a5842bfd55,30135,19,645.298245614035,209.41943962495156,0,2026/01/15,19.42105263157895
125347fa87f5aed0ace86e9b5690fe7daffaf2f27bb7865e430a60aa7c0a3324,30141,11,630.6464646464648,374.7895176394271,0,2026/01/17,36.90909090909091
e718e6d2ba04753a5a8a9291cf7c0a650430917e0f7b503ec9361581274d2e70,30142,24,582.625,231.8367543580962,0,2025/12/26,15.916666666666666
eb90acd474e42c8760eab938795ee4c4a7bd3b30362e290bc6c04c4b1ffa07ba,30150,20,1728.6666666666663,745.1076357741139,0,2026/01/08,19.15
458237525a1208f28b412b4de70f0a6f1df7901e444d8c4c9527a87f82d6224c,30151,10,390.03333333333336,186.3731293221566,0,2026/01/05,37.7
31755f38b1440aca3b935204aa5a7469d04ab7a955092fca9cfce065aa4fffad,30166,2,432.1666666666666,37.16666666666684,0,2026/01/17,182.0
0b8adb56fa97dcceef2ea5919df7e267beb079ebae0091b0ba372572ca830de9,30174,15,580.8222222222222,271.4957435493825,0,2025/12/23,21.466666666666665
dfa57ce328a985596224373032d21a1dded4b7ef8af23f2bba9a538f9abe9916,30176,2,363.33333333333337,19.33333333333191,0,2026/01/19,179.5
0c1fd752217b4a21791cec9cbcbf73a3a936dc2fc9a21bc60d65bba43fcae44c,30177,9,549.7777777777778,197.771348210097,0,2025/12/22,36.55555555555556
99f64fb6001497f39e555184791e3b6ed8ba3c746d93166949ffecc67768dc1b,30181,6,582.1111111111111,238.81781888561815,0,2026/01/19,57.66666666666666
c9e118a0e2dc4efc06f709603bde54352087fdfe3d0364de700ea7979833ad8d,30191,7,488.7142857142857,103.23304327825366,0,2026/01/05,47.57142857142857
722b86068089a61e7eb09cb125933d3fab51d766b773a07f6b266c82c4ef0bc4,30233,15,636.311111111111,240.357094423082,0,2026/01/06,21.2
17c00c0dea56604e3a89ba139f063a8d3172b039f53f940abe642533bd11e582,30239,18,571.6666666666665,173.32902416296056,0,2026/01/13,16.77777777777778
955794beb4deb33216567c312708f011b082a8b1c06c8feb895eb1ec9a733892,30241,7,505.8095238095239,144.71843018869825,0,2026/01/10,41.57142857142857
3bd6afcba83b56b6ad6753aacedd72a5a0eb86700065a6824b81e418a2c79864,30246,7,718.1904761904761,327.38200865630483,0,2026/01/17,46.285714285714285
af027664e87ca8c9af6c7f3fe3f1612cc480eaac402dc76ed1026925d0e4d633,30253,5,320.0,202.20880297355995,0,2026/01/20,65.4
fc202369a3a1cafcb49a9dd9dc7c78bf3edf603a06b209d91295778b68b72cec,30265,7,943.0,205.5042578634321,0,2026/01/15,45.71428571428572
61091eed7e09c51a3a27d8004f1ff39b119ad8f8ca525818f54941fe359cf833,30280,8,540.1666666666667,121.5981542257571,0,2026/01/19,39.875
ba789ec347777598273c10cc102f8f2bc0f45aac3caacf6316c84b909f8358c2,30284,14,701.6904761904761,256.00782677413315,0,2026/01/06,21.0
ad75a708da3061234f20591a9684f0fe02097521244b5e044a3228b7bb9888dc,30311,9,643.2222222222222,137.57485055842483,0,2025/12/27,31.88888888888889
bf1706d210b66aa14ae1feeb5323bd8a25079a208d7e050178a41f7bbc55957e,30318,17,965.7450980392158,342.2151318438425,0,2026/01/13,17.764705882352942
0eb7e7fb46cccb759b81cf0e04d87c301b5b0ef2e2e7fd3dfe89a19db3c793cb,30321,10,628.8333333333334,185.084440188796,0,2026/01/13,30.1
32079945ead12ff5464570ab043c0e3b8950bc7e8eeefb3604c1b1fd6f1b4fdf,30339,10,581.7666666666667,180.6156785368684,0,2026/01/10,29.2
46ff2befc13a620631436b9672ebbea59b24cff28debfe15db68362883755b72,30356,2,366.6666666666666,18.666666666667272,0,2026/01/08,143.5
e084ea8c18f1bac0155cff7865861fbfa4a0d78a83cb9570d78d2eec3614cba7,30361,5,532.6666666666667,126.66614034978338,0,2026/01/19,59.4
e58632d54909cf317de8f17d49acb131c3a963f4b4e7d5aee919fe195383373c,30362,6,668.8333333333334,171.57643259557003,0,2026/01/17,49.0
b2f29d46fbafde0d38969ae807059d128ea712818162a8d8f64d93d516a170a1,30377,33,1224.4747474747476,485.076397400628,0,2026/01/10,8.484848484848484
28ed98905a6ece740ba6743f1e89d099326f49879f9e0444feb9a1e0eb468d7a,30391,13,507.6923076923077,175.27797027551782,0,2026/01/15,21.53846153846154
7506ee57467468cad6654a8cbbb716c7594a54102a07a65bf898c6743b935266,30418,14,629.1190476190477,180.40534637938936,0,2026/01/16,19.285714285714285
65c0689877ffaa671b6f6b345ba7feb4f89327bcada2a5046dffcfc9ded76c55,30421,4,744.75,211.5908492822882,0,2026/01/15,67.25
a69fef18d0bd2823401d2996797d4029154664d5dd039c6f4f40048fe920c461,30456,3,1090.888888888889,116.86850265824602,0,2026/01/20,85.66666666666667
66a276e5cc2c9d0092b59f8e58453201d3aed0036bfc72f94c78ca1e42b7a095,30460,3,535.0,145.78751661236294,0,2026/01/10,81.66666666666667
ee48d40c29f18031337ebb27fadc5a1d2e1aa9a48e9afafa5f1352fb1fd6d882,30464,7,408.7777777777777,195.8355589201465,0,2026/01/17,35.0
d4c97c7a40378c1435304100198dbab05d028ea1794496c92d0188ea431256fd,30471,4,677.25,60.981042136060616,0,2026/01/20,62.5
26255aec8b1c6fdc3532760e45770b2960c9f7762731f492ad52697439f9c375,30474,8,924.1666666666669,220.94123150235592,0,2026/01/05,29.125
d5bceed0c8c0762517f86a0d29f4e262179db199eedb7e954e39b1acc31417b7,30492,6,479.27777777777777,192.54652315803293,0,2026/01/08,38.16666666666666
82a315a71661498207d54e22feaa75ed93c4e26c01a26486639af8f932270ef3,30495,4,639.9166666666666,139.10075784600662,0,2025/12/23,52.75
1382825b57822aadb5b5ee6223dfb7c0de17462de86df0467c19726b729c4133,30502,4,440.75,165.34414867179305,0,2026/01/20,59.5
ab47ed615b8f12c9d4fcf9a095e272d2718c007c9086aa1851a49d22cc835cb2,30505,4,818.9166666666666,239.57431867098515,0,2025/12/23,52.0
c28630113b202cea7459fb24a7ce3a25781186f7f221f0f31f15463948d91f27,30509,3,1010.2222222222222,106.6587960059185,0,2026/01/08,74.33333333333333
62062d9a4ad551ecad1de33e1f489b83a46595cc76b0db1cdc01cf27d7aa1d66,30511,8,443.12500000000006,152.0952677965724,0,2026/01/06,27.125
1cf38de7cc4738d5a070fd9139de51e804554b454b1790e3bd12b70af9d4c0fb,30512,2,471.0,33.0,0,2026/01/17,115.5
238ba3c16e61d9df633ca22486294d28ba5fd9fe3d66f5c8b55eab21d042c67e,30524,24,894.0416666666666,244.9988910122296,0,2026/01/08,9.041666666666668
acad0c10cb41702c9244a20c681776b3d89e2b14e9a0dc4ed1a719f317f71841,30539,6,683.6111111111112,212.5333452414137,0,2026/01/16,36.333333333333336
11aa337a95ed8d8936da5143715e7c7351bedc018efb29f8b364ca2e47b366f8,30540,2,381.5,65.5,0,2026/01/16,109.0
19ebb38a0f9cab873ffc48ed932d281afb923e46b94f1d74f5fe4f2bae0eb025,30567,11,638.939393939394,129.8286997408519,0,2026/01/10,17.818181818181817
622ca797792bce9c4d7801d101fc76a4a68ef00f15eaa78abdb7a3e47c7aecbd,30607,8,534.2083333333334,204.0801815123435,0,2025/12/23,17.625
e208ab12ea0409c3af1b46767676011684b6f72c0fee59c75ef4878cb8630dda,30609,10,913.0333333333332,354.7699865170865,0,2025/12/22,16.1
d9aa6feb128fe331282376ed92fb6384915edb1cc1c879691867b92ca5ef9121,30619,8,442.625,162.1780946213144,0,2026/01/09,21.875
2615517dedb4afe89273925d2f081f589afdf906259992ed2c8f26eea546b21c,30644,14,731.8095238095237,210.6107789899591,0,2026/01/20,12.071428571428571
cd9e492b83ca5ec73bb8276c6611df0a423ce01fc9b3f44a6d144a26b9bff6f4,30649,7,752.6190476190476,180.75743885295665,0,2026/01/09,22.428571428571427
d769abd2640089cdac261236d632f18cb3be04952611996bac0a6e9ec02a821d,30650,8,682.8750000000001,139.75473928556957,0,2026/01/17,17.5
5efdf280ed631bdebc4f7423671916759bee4370c53fb9425ff488b3f0ed5f12,30654,2,748.3333333333333,66.33333333333431,0,2025/12/23,68.0
7271cdedc622b9d8c042467f8fcdbf71ef994f217e44e23cebd44c506caed55d,30661,6,382.5555555555555,123.38912651935723,0,2026/01/20,26.83333333333333
a99744edfd220cedd36368e937c35886a7f84e097681a173b283d53933c80c68,30701,2,472.0,38.0,0,2026/01/09,64.5
877c149584d235447255b4c90f997f31c433cf933cdb18abfd5faf7df42a38dc,30711,4,514.6666666666666,121.85989222600423,0,2026/01/09,23.0
3feb337bb2629e6871146ceeed563556cc0cc3eeadda7478b25e2f47e4f69b46,30712,5,472.4,102.70462501757171,0,2026/01/20,26.2
9ebc11416f7c5dae26f141ceb9f04e2c24b16cb9bed879b725c4250dc4565eae,30726,7,571.7142857142857,138.85431769286154,0,2026/01/13,15.428571428571429
11003eec4a7dd605a19a32444630ccb80086b8c6b34eaf6220bfc5e230b11a39,30729,5,445.0666666666667,128.10991808252425,0,2026/01/13,18.2
42062bc920fc4ccbfad993403ba484925b0f35ce9d74ef85af52c12660986620,30737,4,609.9166666666666,125.7856145723086,0,2026/01/17,24.75
2461e9eba2ee08535ba3b3bc475e98ee719c73add4a0d4493c314b5cb0c12bf5,30740,2,463.6666666666666,154.33333333333343,0,2026/01/09,45.5
46397c9676afad1820e4431e31b2ca9a955c8de5ab92f2adcdf515e3ac5b785b,30745,10,520.2,228.79152082190444,0,2026/01/19,9.5
22e67c7ade2f1bcfc6f60a9de1a2514d4a56eb3e09c343512309b2b4548c8799,30747,4,488.1666666666667,156.2303320954886,0,2026/01/20,23.5
df474830d78937e18cb727bae1c4ba5b83d4a5c44103227f04a71fc26701f018,30753,2,235.0,29.0,0,2026/01/10,31.5
83b665fa471025bdf8fb8f42a83cd8f4f9e0e87bd1231ce5fab7e88434ef49cd,30755,4,348.0,47.13338048088172,0,2026/01/17,22.0
c348a86a9bd35f897bc36beccb4c2f0cf5d5b46060d4e93ef86d8b2124d32613,30759,2,324.66666666666663,72.66666666666673,0,2026/01/17,31.5
3bbc75dce49305436e062363f968ada6cd8734215541db1e5c3ce7a4e51f802b,30760,2,437.83333333333337,99.16666666666652,0,2026/01/19,39.5
e40c330d6ac8e61fed1536c7eaeb371ce1767fd31dc556d74fd848beaac842bb,30762,4,686.1666666666666,186.6116734469383,0,2026/01/17,19.75
9ab2ed43bff9957bc49539ad8d7a1f7fcd5c8f37e72e441334a83ffd23b44d4f,30763,5,1057.8,269.494638165586,0,2026/01/20,16.4
1cd57820143a316edf2d1c7d6ffa5161f391b76cd8ed7b70753034b302fe555f,30765,2,375.33333333333337,37.3333333333326,0,2025/12/25,26.0
688470aaf986bd37bf5f167be520c21adf69d73a5fb4ddeac978c76c276972b4,30766,2,824.5,132.5,0,2026/01/13,35.5
3ae63554245c4f50859f43d1290b314f06f668daf37693950345dd466d0ebce4,30768,2,519.0,57.0,0,2026/01/05,18.5
99d6f2fff2bab66a534a21fc35dfa9de4ee4f9ccd2da00dddc83993adc77e28c,30769,4,548.0,80.92280271962903,0,2026/01/13,17.5
b5b8de79e5eb89e5273ef4d0a67a19f031ec557a41572c0334f39e0cce1ec359,30770,3,432.9629629629631,107.89513783380389,0,2026/01/10,18.666666666666668
73d8ca8a4c81b1e582c81f7616bd2b48b7e2cd238173ec35e0329621a7c89d91,30776,2,760.7777777777778,257.22222222222206,0,2026/01/10,17.5
35356de10051a9175ac48f563a8c9e70b38685eb9797777cdf715ca4f591e026,30783,2,565.3333333333334,156.66666666666666,0,2025/12/22,13.5
07421821d6accf7d3356e3da935a1d9f222a117230ae203277ebcdf66e918178,30784,3,409.7777777777778,98.93257462023118,0,2025/12/22,8.333333333333334
c862583902b40a5e84376fb6e8d27b2d79b3e00de4e06092b538a09fab9a8bcd,30785,2,704.1666666666667,195.1666666666665,0,2026/01/15,21.0
646e488833ac81494963f44e82476e6d6eb00b9a6b1af8a39321efdbea952c8c,30789,2,897.1666666666667,111.83333333333304,0,2025/12/23,12.0
d8f3cf31f6e7797a2c6bd995f54e4806a893cb08cbabe0e4f11a4e181f9e119b,30793,2,274.22222222222223,53.77777777777781,0,2026/01/06,15.5
e69d1789ab81cb42ebbf5fd034d05195d346257d6d0c82b14e5ba11fedc626e3,30799,2,541.8333333333334,75.1666666666665,0,2026/01/08,15.0
241acc5d020812e1789105f389f486d9ce06ae1bac60adbb3b9f28f6b497a488,30801,1,309.3333333333333,0.0,0,2025/12/22,0.0
49a13e7f81bba5201e00d7ccb602c4806667161dc5d6ac69f7a145d0a33c2e36,30803,2,719.6666666666667,61.66666666666598,0,2026/01/13,16.0
093f0e2e62f3623af8a2d06ff010a4cc06589ee7c411822a30187459bd4ca55f,30805,2,780.1666666666667,89.1666666666663,0,2026/01/15,17.0
1b475c274b1b4f2cacf18077ad5f90c8425abbce0d1201ff1f119ef1e031bbd4,30806,4,650.1666666666667,294.9286636911824,0,2026/01/05,4.5
012b11fbcdaa6c7a1b9a0673af6c981b8972facad8bb3761fda6da239a58dee3,30807,1,216.66666666666663,0.0,0,2025/12/27,0.0
6c3d61f098ad9b746798de29ecf62757e0fed6d6ba2fee3061d8cc465df735c5,30808,1,548.6666666666666,0.0,0,2026/01/06,0.0
2378dd3844e5b7d270db7ec8046e0bf456f894fa720bee5434974d42ace41a9e,30812,1,508.0,0.0,0,2025/12/22,0.0
5daa92d80c831c978af2fa50417432b0ad72cf77137d8ee82bb2d530f3e8c86b,30813,1,154.0,0.0,0,2025/12/22,0.0
c02df1c8a23e4352ea2e04f6ea085e082fb500905c7bb1153754d1081672392d,30814,1,421.3333333333333,0.0,0,2025/12/22,0.0
31d1582c532fc925d72fe03b60a56318f9cd3ef2ce671ad81ca1e9e1c034f67a,30815,1,713.3333333333334,0.0,0,2025/12/22,0.0
5f2e50b18f15c50c27dc083859570e70b0043c2a92a4aea00a2758805caa3b4b,30816,1,414.6666666666667,0.0,0,2025/12/22,0.0
c6fb279f3bf11b838a9587029a5b7fa0d564638c1378e6288d97a0b82c2d8b8d,30817,2,328.33333333333337,142.3333333333333,0,2026/01/06,7.0
4641ea9f1b7a7dd7fa262a0fee47fc147bd16af83766f9b29d3394cce19d10bb,30818,1,894.0,0.0,0,2026/01/16,0.0
07890464cd930ed2083b0b42f472c74065bb1f98806ddbe7f27aafe00bff0ff3,30819,1,208.0,0.0,0,2025/12/26,0.0
cbd756dbac89a43322131b48fcae8a81f7b9a129017139a7234d5fc9c876700a,30820,1,562.6666666666666,0.0,0,2026/01/20,0.0
78662bafbcda929d75009c5ab10b423cabb45539c7729f705d9f20311829e24b,30821,1,726.6666666666666,0.0,0,2026/01/05,0.0
56d973a7f0c552db1a063033264d9510477b9b9221ee671126d225f8cb76eef5,30822,2,553.3333333333334,68.66666666666633,0,2026/01/08,1.0
7e893b3e3d65063f966fbd162ac97d6ca825037372f6d558fc1d4228836d75e2,30823,1,388.6666666666667,0.0,0,2026/01/08,0.0
1e686dd62fcb200f838f85d1ee8840f2d065f0925b119e771978ed1ba53fbd8b,30824,1,786.6666666666666,0.0,0,2026/01/09,0.0
74d0c91fa0ffcd2450868f3bb44da00d5664e3503021266d3dc2c53b19b67fc8,30825,1,587.3333333333334,0.0,0,2026/01/13,0.0
f6e579934cc54bf25b5a04501736c13daf3877b9687e254cf3842163a6aa47bc,30826,1,418.6666666666667,0.0,0,2026/01/13,0.0
68ed95af7393e7e7c43e8fa9278b03350203cc10cbdddb03a1d2b45b8359d2b7,30828,1,578.0,0.0,0,2026/01/15,0.0
b6b8e9e44baba27f3f4f42c91889f73e00ced1e945a0ce5fa423925d77e60381,30831,1,700.6666666666666,0.0,0,2026/01/19,0.0
2e9e300021c9e2642791f82dfc2a5b38b4b9084808780f6460a97d66a2d2fdb0,30834,1,597.3333333333334,0.0,0,2026/01/20,0.0
nnn,1,416,564.0267966808003,0.0,0,0,0.0
